{
  "name": "kids-trivia-game",
  "version": "1.0.0",
  "description": "משחק טריוויה אינטראקטיבי לילדים בני 10",
  "main": "index.html",
  "scripts": {
    "start": "npx http-server . -p 3000 -o",
    "build": "echo 'No build process needed - static files ready for deployment'"
  },
  "keywords": [
    "trivia",
    "game",
    "kids",
    "education",
    "hebrew",
    "mobile-friendly"
  ],
  "author": "Your Name",
  "license": "MIT",
  "repository": {
    "type": "git",
    "url": "https://github.com/yourusername/kids-trivia-game.git"
  },
  "homepage": "https://yourusername.github.io/kids-trivia-game"
}